ID,Fecha,Mina_ID,Volumen_KG,Proporcion_Oro,Proporcion_Aluminio,Proporcion_Zinc,Proporcion_Otros,Oro_KG
0,2025-05-01,0,13.620370223013907,37.43304480284345,14.061134480975149,4.303811102101544,44.20200961407986,5.098519287893944
1,2025-05-01,2,5.438043210962417,36.302236291822794,11.698925959560126,8.373831485357432,43.62500626325965,1.974131296095004
2,2025-05-01,2,6.615837816196805,9.835668072382262,6.865218507416703,10.833004461721146,72.4661089584799,0.650711847808261
3,2025-05-01,2,10.385402286053234,31.81195311890186,12.7312180799852,4.203874991896471,51.252953809216464,3.303799306448617
4,2025-05-01,0,13.282405757633118,9.758914269147054,2.828765661261246,21.62533319211112,65.78698687748059,1.2962185907676682
5,2025-05-01,1,19.31771023915526,37.297669416324474,15.317556696555833,1.3187634645775768,46.066010422542114,7.205055703803594
6,2025-05-01,0,14.17986648926307,9.074812147784632,3.7336211959661836,18.870265342748283,68.3213013135009,1.2867962467072873
7,2025-05-01,2,7.190868047258753,35.768426567129254,13.844059096312435,0.3854552233658577,50.00205911319245,2.5720603570229086
8,2025-05-01,0,12.009043173607072,37.15028488340108,19.938927552299106,5.941366374839806,36.96942118946001,4.461393750765657
9,2025-05-01,2,7.303186934698329,34.929676573293904,9.530355658300007,0.009240189713646707,55.53072757869244,2.5509795758331832
10,2025-05-01,0,13.53078626103967,34.079028281471146,18.506939243900877,1.8973686328570878,45.516663841770885,4.6111604766051215
11,2025-05-02,2,8.217559966109027,35.43339460057124,13.76933628685848,5.761725589185713,45.03554352338456,2.9117604493299796
12,2025-05-02,2,8.823670381592958,37.265721944040656,10.303979782230037,2.483896389177381,49.946401884551925,3.2882044696631025
13,2025-05-02,2,5.740351058388019,34.59629207337191,16.211269428620895,7.030476635332498,42.161961862674694,1.9859486181968151
14,2025-05-02,2,9.061498593671798,32.43128204308637,14.002395824391375,2.5385030374992255,51.027819095023034,2.9387601662440055
15,2025-05-02,0,10.188115916458283,37.30534887563267,16.756000172175032,5.701685868216542,40.23696508397576,3.800712186488623
16,2025-05-02,0,9.091120195767934,34.738087133747264,18.437990795624735,3.711386572029478,43.112535498598525,3.15808125503956
17,2025-05-02,2,7.898706723032909,32.31441131735343,16.84353894797501,2.152743109940792,48.68930662473077,2.5524205792323027
18,2025-05-02,2,5.42050598184013,31.87251206258673,12.759450298694535,3.5561721925627823,51.81186544615595,1.7276514229152309
19,2025-05-02,2,7.536862112611446,33.9520844137936,17.723396425837095,3.6357966196621296,44.688722540707175,2.5589217866250653
20,2025-05-02,0,9.089330096370468,34.571812654844095,19.975599874935543,3.268680084267431,42.183907385952935,3.1423461724975583
21,2025-05-02,0,13.155019902404954,9.125569204031203,7.885814117856774,23.212667302288573,59.77594937582345,1.2004704449980421
22,2025-05-02,1,16.20730000219959,39.67816233425172,14.288903695010045,4.628707443870442,41.4042265268678,6.430758804871935
23,2025-05-02,1,15.955736818454993,41.44308282426737,13.863030679473257,3.7592251077073944,40.93466138855198,6.612549224894426
24,2025-05-02,1,18.926753743942605,42.885630356196,17.325549063403557,0.9276778309501581,38.86114274945028,8.116857649054714
25,2025-05-02,1,16.414480883088746,39.31218205997835,13.297896238935609,1.8010056633733127,45.588916037712735,6.45289060896019
26,2025-05-02,0,11.060219740357473,36.07376356287073,17.082277692103727,5.029055975449034,41.81490276957651,3.98983751867051
27,2025-05-02,1,13.297910255129601,36.34960237785975,13.590314038354318,1.5925100135899966,48.46757357019593,4.8337375023042455
28,2025-05-02,2,7.060679422205866,36.00604580013406,14.186736340343517,1.809319074763728,47.997898784758696,2.542271466560085
29,2025-05-02,0,10.02044048227528,32.81153450455825,15.406188685785017,2.2545700199802394,49.527706789676486,3.287860286350477
30,2025-05-02,1,13.294151913578116,10.98933565950361,1.1183694747967383,12.96181336485579,74.93048150084385,1.4609389768674215
31,2025-05-02,2,8.061353902800237,10.888597944908511,4.016777977697591,10.845280890004567,74.24934318738933,0.8777684153921086
32,2025-05-02,2,5.872128756077384,11.737519034779439,1.6340626381731091,9.84778188493286,76.7806364421146,0.68924223049134
33,2025-05-03,2,4.522714919435904,37.08908634564886,10.647458925791668,4.805903257231087,47.45755147132839,1.6774336416371256
34,2025-05-03,2,6.365521364739403,39.531299408402006,19.291348159863176,2.205008469481486,38.97234396225333,2.516373309600931
35,2025-05-03,0,10.45380738300497,36.84392663273938,17.282501585064036,3.700884541799359,42.17268724039722,3.8515931225222437
36,2025-05-03,2,3.4041652411617815,33.18104565254576,13.876776512614518,1.1196453053911983,51.82253252944852,1.1295376227579852
37,2025-05-03,2,7.864234917846687,37.54321008671781,15.740548514557416,2.407260925331641,44.308980473393135,2.9524862369202016
38,2025-05-03,1,14.859057843908515,9.896007441516112,4.776101172931758,10.32421873569023,75.0036726498619,1.4704534699723701
39,2025-05-03,1,13.6567971549141,41.59024332872711,14.316535449758272,2.6086059898478138,41.4846152316668,5.679895167639455
40,2025-05-03,2,5.033289934874667,36.68252669577072,13.04932704484374,3.9318983803916217,46.33624787899392,1.8463379240359403
41,2025-05-03,0,12.229394041085039,37.497551655835764,20.185298039395285,11.35976162404262,30.957388680726325,4.585723347751563
42,2025-05-03,2,6.648123797426329,34.470732318528675,14.005977717297528,0.518046679899403,51.00524328427439,2.2916569584152335
43,2025-05-03,1,17.69957333099644,37.836040916083064,14.78526052924414,0.7434146103839381,46.63528394428886,6.696817807487939
44,2025-05-03,1,17.281944521114994,40.10343866208069,14.21956379506208,3.344751326960397,42.33224621589683,6.930654020640167
45,2025-05-03,2,7.058926141826757,40.77855324065341,12.9763649683638,5.226363613751622,41.01871817723117,2.878527954963226
46,2025-05-03,2,10.428042266486006,37.828540687496755,11.133841779403216,8.840189809083897,42.19742772401614,3.9447762116870178
47,2025-05-04,2,5.493145231043421,33.33040723116021,12.805032238605522,1.0766013085410164,52.78795922169326,1.8308876753058285
48,2025-05-04,1,15.781562773655152,41.8952701090289,20.06630405012403,0.5264852610338093,37.511940579813256,6.611728351448779
49,2025-05-04,1,17.144712050016132,39.73577700422659,13.39278374268238,1.1958952716320768,45.67554398145895,6.812584548211175
50,2025-05-04,2,6.269814627137061,36.00266350460676,11.497589230983293,1.8269262728859876,50.67282099152396,2.257300262570771
51,2025-05-04,1,14.870899290881873,38.597582355930555,14.82988768994702,2.315365654000537,44.257164300121886,5.739807600865625
52,2025-05-04,0,10.28659977257559,35.12752748217615,17.101983832573506,3.8636496343984357,43.90683905085191,3.61342816209296
53,2025-05-04,2,8.960906856492024,34.69385809701415,11.117575544900664,3.457091410899209,50.73147494718597,3.108884308996954
54,2025-05-04,0,11.904673175489833,34.483014391795564,16.132191101426724,1.3756772305001168,48.00911727627759,4.105090164400385
55,2025-05-04,2,3.303556940203379,7.920456327702642,4.553121345296912,12.165332849083121,75.36108947791732,0.2616567847095983
56,2025-05-04,2,9.905914087039104,34.68476753392851,15.130749545365179,5.588374601785012,44.5961083189213,3.43584327320019
57,2025-05-04,2,5.826692847874984,37.8740045778689,9.32773774042992,2.8215473853779383,49.97671029632323,2.206801915942531
58,2025-05-04,2,8.96002025544039,31.395676587977945,12.900820278315722,1.9917041361179164,53.71179899758842,2.8130589816153804
59,2025-05-04,1,14.456809926390495,43.13372687861102,17.22521744323198,0.30562406343359383,39.33543161472341,6.235760909009204
60,2025-05-05,0,13.578261114588987,37.02439459259518,19.264755663932107,6.839840447505841,36.87100929596687,5.027268973878338
61,2025-05-05,1,17.394055563161494,42.22579572815428,11.822727821624344,3.9768783820480573,41.97459806817332,7.344778370942229
62,2025-05-05,0,12.868329864395424,34.779043452408544,16.27011732941238,9.243922125284923,39.70691709289415,4.47548203513735
63,2025-05-05,1,13.566230264048924,43.95182738590022,16.293227158662745,1.7057147040273863,38.049230751409645,5.962606108428539
64,2025-05-05,2,8.200074911976028,36.04785403441799,14.43237349727527,6.918413641938268,42.601358826368475,2.9559510349820477
65,2025-05-05,1,17.614288030200946,40.456080494532976,11.562857031888665,4.698549798060504,43.28251267551786,7.126050544036982
66,2025-05-05,0,10.87535670630017,39.062128695257734,15.011142117755892,4.039806167546956,41.88692301943942,4.248145832683315
67,2025-05-05,1,18.999269895026575,39.529505597030976,11.129416991851842,1.5925403687355422,47.74853704238164,7.510317456549551
68,2025-05-05,2,8.364996591223383,31.726945590821572,18.814454638117553,1.0055288298407936,48.45307094122008,2.653957917171522
69,2025-05-05,1,12.46533052831729,38.87783460128052,14.939701878657415,0.9698245992136783,45.212638920848384,4.846250585302123
70,2025-05-05,2,5.930014195166708,35.32841019874031,9.462855193221241,5.351460266271437,49.85727434176702,2.094979739712023
71,2025-05-05,2,8.572154936168335,33.82579707454384,11.643659968725835,5.507622466881838,49.02292048984849,2.8995997336237944
72,2025-05-05,1,16.926054415680557,9.62099210298567,5.070799931760391,13.311140257778666,71.99706770747528,1.6284543586796838
73,2025-05-05,0,8.434280407273906,36.494958128854336,15.608918880876466,5.387505204555299,42.5086177857139,3.0780871031047767
74,2025-05-05,2,7.565404690790125,33.48187270074198,17.415885477560327,5.641682870082954,43.460558951614736,2.533039167866312
75,2025-05-05,2,4.610273183414002,35.38038909156598,15.030899575629164,0.5150188470650741,49.073692485739784,1.631132590475999
76,2025-05-05,2,5.889513034010433,35.373671978041074,14.172681457591738,1.9946797327312735,48.45896683163592,2.083337021754825
77,2025-05-05,2,2.459009033202922,8.352425816138652,1.8260673950611288,11.58221948054371,78.23928730825651,0.20538690531042236
78,2025-05-05,2,3.6270766446132674,33.04566605344157,14.591608771843863,5.772037706691034,46.59068746802353,1.1985916354812742
79,2025-05-05,1,13.845411690178171,38.696616905023866,14.88730418747635,6.651235710563766,39.76484319693601,5.357705920671637
80,2025-05-06,2,8.248385855159416,36.074550152297164,11.249771229157169,3.6671288453275386,49.00854977321813,2.9755680920744685
81,2025-05-06,1,16.348223765208203,40.10354227045948,15.286093576884955,3.765962223689307,40.844401928966256,6.556216828149574
82,2025-05-06,2,8.273608807448932,12.012228428507896,2.9748977467350413,10.750370639651138,74.26250318510593,0.9938447892319137
83,2025-05-06,0,9.342002065471993,35.99661917651024,17.30558737065442,3.582577076319284,43.11521637651606,3.3628049069696737
84,2025-05-06,1,15.53316374421214,10.003905066406652,4.053275957427047,12.36415171664499,73.57866725952131,1.5539229547804796
85,2025-05-06,0,12.137535730718461,35.705681249362804,16.247446454500484,8.311703435277103,39.73516886085961,4.333789819537852
86,2025-05-06,2,6.12038912496951,35.436453751314296,12.575721834203202,1.3698668227093622,50.61795759177314,2.16884886167029
87,2025-05-06,1,18.562304620687033,41.847212179574655,13.883072728681503,5.395075842960066,38.87463924878377,7.767807000037894
88,2025-05-06,2,3.6507670008874396,34.30732927877049,13.061164640656278,5.422745024837166,47.20876105573606,1.2524806561951478
89,2025-05-06,2,10.510499375969005,36.96569829531532,17.317743971037334,3.4409560034457924,42.27560173020156,3.885279488651702
90,2025-05-06,2,3.8127822790314765,33.393367722884264,15.7520024773283,4.236573757476931,46.6180560423105,1.273216406909948
91,2025-05-06,1,15.453209234542891,39.014148318422436,14.768548699552948,0.4803853508470626,45.736917631177555,6.028937970720716
92,2025-05-06,1,16.906262216970333,41.18225848683057,9.459159800760125,1.0753939188208443,48.28318779358846,6.962380606654095
93,2025-05-06,2,4.29964533227563,8.381516903597003,3.1631141902339617,11.421931068287194,77.03343783788185,0.3603755003194014
94,2025-05-06,0,13.305943396428642,34.91123522724986,19.19776153775478,5.424923423346703,40.466079811648655,4.645269198331922
95,2025-05-06,2,7.297698791207288,34.255032307021686,13.72875945774948,4.031087958719898,47.98512027650894,2.4998290785971875
96,2025-05-06,2,8.009199088846064,7.307559788199209,3.568336763194397,9.271085687595345,79.85301776101105,0.5852770119733325
97,2025-05-06,2,6.890138809897664,35.2087071946937,10.908920547774672,2.3244198746105953,51.55795238292103,2.4259287988848217
98,2025-05-06,2,11.23914543584377,37.11343766459859,14.23160212940766,3.3075631912985135,45.34739701469523,4.171233235365456
99,2025-05-06,2,5.8855070597336905,31.727318227750896,19.149931543985762,0.7831400620148425,48.3396101662485,1.867313554158453
100,2025-05-07,1,11.902697675918745,41.28060962513254,10.030419324294677,9.353598267997686,39.33537278257509,4.913506162455741
101,2025-05-07,1,16.873123078771066,9.946587850992236,6.880601027798182,9.531948104312322,73.64086301689727,1.67830001023601
102,2025-05-07,1,14.322870490775673,40.89725448403558,15.304376671281046,4.975685790766664,38.82268305391671,5.8576607940313625
103,2025-05-07,1,15.544359385356778,37.93018316678075,11.57894908324078,1.983770690257959,48.50709705972051,5.8960039869685
104,2025-05-07,1,21.915078276421813,41.52831750035189,13.574630636234692,1.6441300679876782,43.252921795425735,9.100963287083095
105,2025-05-07,1,16.889111518357687,38.10935239438072,14.119764765089487,0.007604128974182167,47.763278711555614,6.436331024810876
106,2025-05-07,0,7.16587555732316,9.894072436169585,6.771143149557105,19.395891811883228,63.938892602390084,0.7089969183273245
107,2025-05-07,2,6.669574000235995,8.2534284548587,1.232492600775854,7.494403080937056,83.01967586342839,0.5504685183533353
108,2025-05-07,2,7.6707454367062535,31.019665219503004,15.576509950774492,2.457588637555064,50.94623619216744,2.3794395543065834
109,2025-05-07,2,7.59193297916607,36.20397446529378,19.005029896532587,2.6101589536188774,42.18083668455475,2.7485814771995014
110,2025-05-07,2,5.641932232530154,41.03456832395967,14.104517085602023,7.0356791656145665,37.825235424823745,2.315142536749089
111,2025-05-07,0,11.720507467544186,37.642889559210445,20.714474663025126,0.4027122704401309,41.23992350732429,4.411937681786671
112,2025-05-07,2,7.224852003922847,37.888250920026366,13.266996145229315,1.6567990753760917,47.18795385936823,2.7373700558468412
113,2025-05-07,2,7.019132157872891,36.33814550864193,13.06725940548443,2.340927271901519,48.25366781397212,2.550622456971729
114,2025-05-07,2,7.324756713932487,32.64959486780607,15.139757838001753,1.419021300977034,50.791625993215135,2.391503392151382
115,2025-05-07,2,11.281557970342575,7.3330358009166705,2.816161193429133,15.18919039552854,74.66161261012566,0.8272806848663892
116,2025-05-08,1,17.62039606227236,42.304866575109536,16.441040844733408,7.654176231834477,33.59991634832258,7.4542850441501765
117,2025-05-08,2,4.1782013771070226,9.916500010311276,0.4355818235108715,13.756366906475645,75.89155125970221,0.41433133999164373
118,2025-05-08,2,3.7808428349796013,35.328239856160316,18.024845027949315,3.668358836409059,42.97855627948131,1.335705225326045
119,2025-05-08,1,11.76396223122195,43.14521647995238,15.3588432761023,1.0171455388907606,40.47879470505456,5.075586971280546
120,2025-05-08,2,5.4425315022193494,32.53389462509366,14.270247429660603,3.5922527534639013,49.60360519178183,1.7706674638695703
121,2025-05-08,0,7.885272904503941,38.71177958187649,17.272161100896078,4.465932507301158,39.55012680992627,3.0525294662209963
122,2025-05-08,0,10.20640032925566,36.21647210103263,18.138744224905274,1.0860499067668106,44.55873376729529,3.6963981277645788
123,2025-05-08,1,15.169012433466962,35.42419629378054,13.975089261018038,3.5832507260673196,47.0174637191341,5.3735007402593125
124,2025-05-08,1,14.31072192561437,41.39147781107769,15.02203851206515,4.411815266219493,39.174668410637665,5.923419290445702
125,2025-05-08,2,6.09789583861606,32.545193918057876,14.784540972390179,9.024249982634622,43.64601512691733,1.9845720255987787
126,2025-05-08,2,11.273271949227707,37.49636929384544,12.618999469613836,5.301385093407182,44.58324614313354,4.227067681581909
127,2025-05-08,1,17.038400891285296,38.84339983855384,14.529977299485312,4.204862984845681,42.421759877115164,6.618294184297668
128,2025-05-08,2,7.532608641812809,38.153072852587776,14.51958559629329,4.708509359038391,42.618832192080546,2.873921662811164
129,2025-05-09,2,6.80627482838457,32.54442782030288,12.834862207998206,1.5668011973549714,53.053908774343945,2.21506319877506
130,2025-05-09,2,11.256191651568951,33.278582193236204,18.278015463320422,0.9413182484803042,47.50208409496307,3.745900990595565
131,2025-05-09,0,8.493688985666882,37.59136370413504,20.132374283494716,4.17129638113049,38.10496563123975,3.192893518500096
132,2025-05-09,2,5.631722740619599,39.570004229380395,14.926157998319983,3.49994700791325,42.00389076438637,2.228472926650153
133,2025-05-09,2,2.632644333839366,36.623252732600655,14.845260328828813,6.052851546698069,42.47863539187246,0.9641599879324819
134,2025-05-09,1,19.10547282193717,41.55291466986648,18.219262006426177,5.683464508365536,34.54435881534181,7.938880818974083
135,2025-05-09,2,6.0113315095335995,8.64107080381907,5.222795532764153,7.97931128337626,78.15682238004052,0.519443411991084
136,2025-05-09,0,12.094215262861638,40.0839909020589,23.972202923648727,5.286442964606658,30.657363209685712,4.847844145640878
137,2025-05-09,2,6.712262241527932,31.11523702901716,18.98666077200902,1.0275437379981887,48.87055846097563,2.0885363064606364
138,2025-05-09,2,7.245072541202746,35.00197191750278,11.145269540180857,1.4497895680420791,52.40296897427429,2.53591825627449
139,2025-05-09,2,8.855619830152339,30.76579772578064,9.098203580562235,4.926052089384396,55.20994660427273,2.7245020843087877
140,2025-05-09,0,11.826510960260872,39.303249989608325,15.5181587089089,6.393318167692847,38.78527313378993,4.648203167759759
141,2025-05-09,0,7.086366207484593,37.70436291887853,18.456687116396957,6.369168410467165,37.469781554257345,2.67186923263076
142,2025-05-09,1,14.2168341053228,39.521962603684536,13.448141982953876,1.1340546599113797,45.89584075345021,5.618771858533546
143,2025-05-09,1,14.134999336866784,10.014091147741741,2.6817860011017194,9.39355038264532,77.91057246851122,1.4154917173265305
144,2025-05-10,2,9.693493499229724,9.609543424604132,0.9631102214168386,13.569144112615405,75.85820224136363,0.9315004671696588
145,2025-05-10,2,6.251654029354868,7.495372355818981,0.8643215171715752,12.393882037295988,79.24642408971346,0.46858474789770826
146,2025-05-10,2,7.524087480133595,31.87859291399977,11.156550305162089,2.8452990197588197,54.11955776107932,2.398573218285012
147,2025-05-10,2,8.007028973837892,34.340108742889676,12.960619603867139,6.7946499681993515,45.904621685043836,2.749622456690615
148,2025-05-10,2,6.764317798082166,32.4202932915898,14.384100627671755,1.984577336629303,51.21102874410914,2.1930116693134476
149,2025-05-10,2,7.694535773716195,26.762206352481133,14.772956970630315,5.1048220553166885,53.360014621571864,2.059227541627409
150,2025-05-10,2,5.170303548601444,35.4074058892284,13.19634688330982,2.057653423308607,49.33859380415317,1.8306703631584926
151,2025-05-10,2,4.588736907314711,8.608709874062855,2.075945308673191,11.253569338230273,78.06177547903368,0.395031047234768
152,2025-05-10,2,5.335747400695347,33.283305229672564,14.654106675067288,3.8573418654598988,48.205246229800245,1.7759130936577523
153,2025-05-10,2,5.2911644089316505,8.641446624152975,2.1885897157056458,6.2974151717042055,82.87254848843718,0.45723314819400784
154,2025-05-10,1,15.016550715573661,9.557730325455971,6.948698996734708,7.667949291707687,75.82562138610163,1.4352414215798595
155,2025-05-10,0,10.357168810990917,34.67313221654536,16.2393358683195,6.084842368073828,43.00268954706131,3.59115483572568
156,2025-05-10,0,16.863205323988094,37.49319628912584,19.37470531323338,6.84208703364511,36.29001136399567,6.322554672761175
157,2025-05-10,0,10.567829831184037,38.959034716534035,15.071518896185037,3.00114422366115,42.968302163619775,4.117124492715229
158,2025-05-10,1,13.224886651902573,37.53999350588457,13.87155194704012,7.745787950963718,40.8426665961116,4.96462159028482
159,2025-05-10,0,11.391332803877576,32.951380043383764,17.39284187306463,3.7128086295356644,45.942969454015945,3.753601364212344
160,2025-05-10,1,16.34036759768819,41.28123362368416,16.13898147179122,3.273242203717484,39.306542700807135,6.745505322970448
161,2025-05-10,1,10.86377837769139,41.70296596765153,17.687128555189318,4.040487912405539,36.569417564753614,4.530517799649726
162,2025-05-10,1,18.577797457632066,39.18211811897629,17.8925538134278,1.4630874585603788,41.46224060903553,7.27917454375357
163,2025-05-10,0,7.474190169853099,38.71009810540933,23.567681280210667,2.822471676304989,34.89974893807502,2.8932663473349947
164,2025-05-11,2,9.489290342271847,37.426321705748684,13.097140923625865,2.1009626806152326,47.37557469001022,3.551492331091202
165,2025-05-11,1,15.955987527334766,38.141226304755655,14.189409176458655,0.01320930460420211,47.65615521418149,6.085809311959339
166,2025-05-11,2,4.421058610130773,10.867899768282323,5.031691813991234,14.26379609467855,69.83661232304789,0.48047621844602795
167,2025-05-11,0,9.963164396195896,39.757175422623135,19.68610864860198,5.646978572325744,34.90973735644914,3.9610727466399336
168,2025-05-11,0,11.236208067999621,36.60067205755791,20.294117444816894,3.9066227089907564,39.19858778863444,4.1125276666734045
169,2025-05-11,2,11.524789950048222,32.02706070462848,8.795228209179278,1.488460873434033,57.6892502127582,3.6910514733828665
170,2025-05-11,0,9.414222078524247,33.86995579437829,19.40034041657534,4.222484574929436,42.50721921411693,3.1885928563807635
171,2025-05-11,2,8.2708077596572,39.22096392983671,13.047601226920696,2.88024438832552,44.851190454917074,3.243890528121286
172,2025-05-11,2,8.060735909948963,34.161426985693744,18.18219679421708,0.47164795289809813,47.184728267191076,2.753662412386811
173,2025-05-11,1,13.73455263747855,42.59165694780008,11.609941691970917,4.567909528914696,41.2304918313143,5.849773542669892
174,2025-05-11,1,12.533562623440154,41.583974893115595,14.550513086195483,4.164353389923271,39.701158630765654,5.211953534544274
175,2025-05-11,2,8.722178579985547,38.33211737638143,10.060035635413842,1.6600679342316003,49.94777905397313,3.343395731057659
176,2025-05-11,1,16.094022542827506,41.050296328899925,14.547660005459871,0.6165084614624949,43.78553520417771,6.606643945070646
177,2025-05-11,2,8.135845014416725,5.795073070216,5.007308244612924,10.178307870421605,79.01931081474947,0.4714781634649746
178,2025-05-11,0,10.028767058736689,11.258565430885321,2.9142926879367765,21.997685810258737,63.829456070919164,1.1290953012189433
179,2025-05-11,1,16.76418012722117,41.79132582719052,13.267398532102542,2.832469752659731,42.10880588804721,7.005973139224121
180,2025-05-11,2,7.465698141839588,8.264170977483515,6.0071676067166155,10.75309354878207,74.9755678670178,0.6169780591044333
181,2025-05-11,0,13.309667954645926,35.92760356798315,15.471402775129214,2.856218517835566,45.744775139052074,4.781844738960079
182,2025-05-11,0,9.675312964400959,33.50105278179766,17.160321115081977,3.8404307924928442,45.498195310627516,3.2413317030080773
183,2025-05-11,2,8.352595387964682,34.803327673370234,11.238383461349077,0.1833863561652458,53.77490250911545,2.906981142104158
184,2025-05-11,2,5.848987507474313,8.566994628765984,2.131617121015095,10.339365596123944,78.96202265409498,0.5010824456025178
185,2025-05-12,0,14.575315666808386,36.487499957365344,17.77000837218538,6.345255621628537,39.39723604882074,5.318168297712574
186,2025-05-12,1,13.318647188151823,40.371885216182896,13.687426221482959,2.4699471705493483,43.4707413917848,5.376988955149025
187,2025-05-12,2,7.553227154949086,35.585207591319545,13.928585588053638,3.3440720410642415,47.142134779562575,2.6878315629325518
188,2025-05-12,1,16.497210996746713,39.938772604861995,14.211793427828493,4.28990451508224,41.55952945222727,6.588783586134956
189,2025-05-12,2,8.17230826136215,34.38093252808457,16.338068319542195,0.34634476589860563,48.93465438647463,2.809715789326002
190,2025-05-12,2,5.003358246732109,8.14777455603001,4.213345738239337,9.431769290710054,78.2071104150206,0.40766235017426794
191,2025-05-12,2,10.831422781781368,37.72690974806409,13.230573793519248,3.4916768694704174,45.550839588946246,4.086361097313909
192,2025-05-12,2,9.440241840807943,8.331222596734499,2.958270563978017,11.647594092639622,77.06291274664787,0.7864875614277761
193,2025-05-12,2,7.965960805001015,37.2445792561481,11.464834032445033,4.394562683975204,46.896024027431665,2.9668885855322964
194,2025-05-12,0,10.642341799118052,36.557311324125294,17.501034593303658,0.017198129331551293,45.924455953239494,3.890554023681103
195,2025-05-12,1,14.045814671731776,37.54354510951124,15.428306219236395,4.783696897257873,42.244451773994484,5.273296767279968
196,2025-05-12,1,17.588334120736963,11.18306942943406,6.320513110915051,13.17913975175161,69.31727770789928,1.9669156162028552
197,2025-05-12,0,12.088913680814999,34.282735889736074,19.08097869107963,6.564179234420887,40.07210618476341,4.144410349131977
198,2025-05-12,1,15.240804184373319,39.46327772458621,15.613388036805421,2.513491982399729,42.409842256208634,6.0145208827396
199,2025-05-12,1,14.923583390686002,43.20194322065495,16.9036331375625,3.864755134885159,36.029668506897394,6.4472780229312585
200,2025-05-12,2,7.009831933727335,7.595392353980281,3.7459424699355086,9.880408903333098,78.77825627275111,0.532424238721194
201,2025-05-12,0,8.173361169742137,6.374073599582212,2.675310813755288,23.623514439565014,67.3271011470975,0.5209760565190374
202,2025-05-13,0,7.458191483446802,39.18590701852692,19.70250290501872,7.957859679488487,33.15373039696587,2.9225599799671573
203,2025-05-13,0,9.96627049288124,37.247033481052306,19.367127893611695,5.316865988172366,38.06897263716363,3.712140107295712
204,2025-05-13,2,8.319378854224846,35.62419385519572,9.395238484658153,4.277435447909339,50.70313221223679,2.9637116505772196
205,2025-05-13,2,10.543927573859705,35.08471127094132,12.333941472168371,0.08103575246174488,52.500311504428566,3.6993065459058454
206,2025-05-13,2,7.911445468213549,35.55801271811588,15.433583606824557,3.2161611558429186,45.79224251921664,2.8131527857741765
207,2025-05-13,0,10.645784840657138,9.775244176095367,2.511602992780752,22.351308403117976,65.36184442800591,1.0406514626359802
208,2025-05-13,2,3.4925344150625017,42.114352732320334,12.809163617492699,1.113015080908825,43.96346856927814,1.4708582628571027
209,2025-05-13,2,8.696638637742984,37.640693446137945,16.05561209439741,3.8517003247779096,42.451994134686736,3.2734750897512237
210,2025-05-13,0,11.706643418460065,38.46611366499827,11.71856594533918,4.857811424383284,44.95750896527927,4.503090763700888
211,2025-05-13,2,9.875053847784223,9.155547307220672,4.9099593297800475,9.680195494574676,76.2542978684246,0.9041152266473997
212,2025-05-13,2,6.062928104255761,10.599970221001263,3.6804671761765864,13.847533524149382,71.87202907867277,0.642668573571827
213,2025-05-13,0,8.94762380748696,40.72795749473244,20.694624320860445,5.909355356027127,32.66806282837999,3.644184421101849
214,2025-05-13,0,12.461579935498802,34.3827549559986,19.39888105036236,1.9731607858821336,44.24520320775691,4.284634492868442
215,2025-05-13,2,6.232550259688527,35.81060534689922,11.459710269775353,5.413038991163044,47.31664539216238,2.231913976544201
216,2025-05-13,2,8.381170169360786,9.727601387357634,1.5722527058682099,11.91109016066441,76.78905574610974,0.8152868256715439
217,2025-05-13,2,3.0542570354036283,7.460155109317196,2.342199225652149,12.596776490664222,77.60086917436644,0.22785231227834368
218,2025-05-13,1,15.231513595224369,40.83307438168022,14.64130206740494,2.1462900929486075,42.37933345796624,6.219495275793702
219,2025-05-13,0,12.333039410926812,45.67521658365973,19.978534086916834,6.699790178316247,27.64645915110718,5.633142462288934
220,2025-05-13,1,14.433583695793825,37.24871027098618,19.130224114336933,3.7103196241960585,39.91074599048083,5.376323772566541
221,2025-05-13,1,16.903724831649768,37.22394508318075,13.637560627144788,2.4601221230509944,46.67837216662347,6.292233248345298
222,2025-05-14,0,13.149625384407214,7.362832948693071,3.897391194381295,21.81177714758061,66.92799870934502,0.9681849504328421
223,2025-05-14,0,12.170044133548474,41.458035169647395,19.923141158363066,8.354241259990328,30.264582411999214,5.045461177048137
224,2025-05-14,2,5.163959893988984,8.852281542710204,0.9276295179068641,17.781629733250007,72.43845920613293,0.45712826856854427
225,2025-05-14,2,9.29850536198776,7.454720345455244,4.22489597552341,7.871404149561593,80.44897952945976,0.6931775710433483
226,2025-05-14,1,13.552696000054347,9.443402019402136,3.5562710574574945,14.250063774159248,72.75026314898112,1.2798355677525646
227,2025-05-14,2,10.938871174469213,7.284472578486637,3.7285865314792552,13.619174693617621,75.36776619641648,0.7968390711001889
228,2025-05-14,2,11.676978816323782,41.01177272289263,17.796133997186658,2.379747520100075,38.81234575982064,4.7889360130510275
229,2025-05-14,1,15.509819098110862,39.2067218378383,14.736514725688535,5.427647975726995,40.62911546074616,6.080891631348248
230,2025-05-14,2,4.988375495485958,33.98047244211826,12.829879567679757,4.665969034263599,48.52367895593838,1.6950735605529863
231,2025-05-14,1,13.890133607284776,37.86255482892768,14.100109488334699,2.6952244648028123,45.34211121793481,5.259159452869508
232,2025-05-14,1,16.235497729700814,41.492778830053425,18.424176505627365,3.170034044075133,36.91301062024408,6.736559164943104
233,2025-05-14,0,10.159975693420876,36.183024367525505,12.172583016717384,5.707209846715795,45.937182769041314,3.6761864808851437
234,2025-05-14,1,16.75567674980002,41.502240583434116,13.654637410512212,2.701162683607598,42.14195932244608,6.953981276084538
235,2025-05-14,2,6.386210594752455,34.73810387851341,14.418119494370126,3.804576576416784,47.039200050699684,2.2184484703057366
236,2025-05-14,0,11.485467590497645,36.57789485601665,19.914686623399007,2.4204326396532165,41.08698588093113,4.201142258974098
237,2025-05-15,0,11.436079414470326,8.06048465407375,2.192871642134111,16.772920294995043,72.9737234087971,0.9218034262310678
238,2025-05-15,2,5.988147510731913,7.763240356987587,2.148664265122613,11.492196359523165,78.59589901836664,0.4648742841890875
239,2025-05-15,2,2.6653702630263494,10.728635505625709,4.897315978675273,11.631918341398443,72.74213017430057,0.28595786039543425
240,2025-05-15,2,6.928730286883245,10.619456545850259,4.292832113214306,8.335435578799004,76.75227576213643,0.7357935019947321
241,2025-05-15,2,6.244814157453925,34.226830098148454,16.76565236224848,4.39965840067664,44.60785913892642,2.1374019316168757
242,2025-05-15,2,4.808146169593174,38.87691471128802,13.378625993882569,4.405959192808519,43.338500102020895,1.8692588855468002
243,2025-05-15,2,3.784037320398357,30.190118300112683,15.318356441463854,9.237542275078223,45.25398298334524,1.1424053435486778
244,2025-05-15,0,9.522448074768914,37.675932584202585,17.436604112075752,2.7480790839598277,42.13938421976183,3.587671117015633
245,2025-05-15,2,8.560151462443354,38.13916066228262,15.545108862163318,0.5762634200785888,45.73946705547547,3.2647699191960062
246,2025-05-15,2,8.59221002715441,31.667268300649766,15.196756707577405,0.07113109845228571,53.06484389332054,2.720918202254319
247,2025-05-15,2,4.856048227207195,33.296754293873065,10.602553806719618,5.5479132625883985,50.552778636818914,1.6169064466051586
248,2025-05-15,2,6.396916725792644,33.477120704248776,8.98234776722759,0.44675475645191565,57.09377677207171,2.141503533643882
249,2025-05-15,2,10.27246431431315,35.622883953214355,12.677959809458791,2.304583952451841,49.39457228487501,3.6593480418231303
250,2025-05-15,0,10.19966870919458,37.898875725184006,20.155854559440318,3.470686678075955,38.474583037299716,3.8655597684781333
251,2025-05-15,2,10.891008754698673,37.58700722523327,18.553120441115016,5.1795264764351865,38.68034585721652,4.093604247529378
252,2025-05-15,2,8.867455355458006,36.615221188134775,14.746915538581407,2.6662295848998427,45.971633688383974,3.2468383921600514
253,2025-05-15,2,7.497919689198364,33.00277637896756,13.716738009618485,5.31888546807547,47.96160014333848,2.4745216681007154
254,2025-05-15,2,7.596702138540689,38.45085452655728,13.188456097386151,5.276269175432768,43.0844202006238,2.920996888106146
255,2025-05-15,2,6.222242220207424,34.71264581666815,9.19944249900259,7.313286361457517,48.77462532287174,2.159904903755792
256,2025-05-15,1,17.136433735114146,41.509189523405496,13.557192569131042,0.2609471910875252,44.67267071637594,7.113194756661326
257,2025-05-15,1,17.635724611909687,43.16004257763845,15.316967578568205,2.5841561833887035,38.93883366040464,7.611586251375285
258,2025-05-15,1,17.886146157940058,40.20463663344711,9.006026281340683,2.1385241820193253,48.650812903192886,7.191060070527061
259,2025-05-15,1,16.97139296697259,37.718789234919655,17.49750809671614,7.875551993199522,36.908150675164684,6.40140394344237
260,2025-05-15,2,3.713289996547856,30.382342605607818,15.242174715786804,5.839279813796335,48.53620286480904,1.1281844886909322
261,2025-05-15,2,8.169344921257137,36.783198834465,14.548470316752844,0.5458615779759448,48.12246927080622,3.0049463858592804
262,2025-05-16,1,14.779673001579985,38.534684095624186,13.692900637914796,0.42329040048796385,47.34912486597305,5.695300301525105
263,2025-05-16,1,15.336489696017221,42.43620850920294,15.362053313038132,2.000105193746588,40.201632984012335,6.508224745394292
264,2025-05-16,2,7.691875853956535,36.517804944533125,14.684870051200482,0.8512479707752245,47.946077033491164,2.808904220923489
265,2025-05-16,1,16.383281777067435,43.96843831594785,13.761822666919048,6.7752064465030575,35.49453257063004,7.20347314227782
266,2025-05-16,2,9.217661445597416,33.89878023129804,11.659858830848998,5.557754319072453,48.88360661878051,3.1246747959081578
267,2025-05-16,1,13.067633383029479,43.77968697603714,21.034577313773923,0.2507824871440354,34.9349532230449,5.720968990266439
268,2025-05-16,2,4.580280455717334,34.383869690997024,13.067185703201622,3.2196838617119017,49.32926074408945,1.5748776633760528
269,2025-05-16,2,7.011535737254538,35.84680725030464,17.880799975571946,3.9734537203579006,42.29893905376551,2.513411701019861
270,2025-05-16,2,7.808738188790572,32.63875722772647,14.575480755281426,2.9592693476118868,49.826492669380215,2.54867509998812
271,2025-05-16,1,15.931899749566275,37.361752334478815,16.341867079024784,2.1545970733604713,44.14178351313593,5.952436926610402
272,2025-05-16,1,14.662754924677374,44.98730592350596,13.863999907767896,4.416591065005051,36.732103103721094,6.596378414778546
273,2025-05-16,2,7.639973142767985,38.92980930955912,13.317175026778,0.41700324501569863,47.33601241864718,2.9742269757811073
274,2025-05-16,2,4.541731108225941,32.84494666493698,17.777049775596247,4.659885270529177,44.7181182889376,1.4917291601616613
275,2025-05-16,1,16.849142019549998,41.54840059165143,12.696668529550948,2.2094899627263183,43.54544091607131,7.000549022538901
276,2025-05-17,0,10.497793185780939,33.528227753841456,21.35084220263918,4.705249575893455,40.41568046762591,3.519724008455882
277,2025-05-17,2,3.960798079443617,34.89056494362083,14.524521301904247,3.6128795163873413,46.97203423808759,1.3819448261939618
278,2025-05-17,2,7.042754967359886,6.527149182187321,0.7503182555166346,7.162385185375745,85.5601473769203,0.4596911232554877
279,2025-05-17,1,16.062210959036964,39.59017760970014,16.146990710072437,2.2469597567586392,42.01587192346878,6.359057846727454
280,2025-05-17,1,17.4231592038664,36.47882498404099,15.544943081191628,2.391265091021449,45.58496684374593,6.3557637526692545
281,2025-05-17,0,8.069851985827984,35.2655224833572,21.50667602833048,3.169767408003049,40.05803408030927,2.8458754664358157
282,2025-05-17,0,12.488875296957337,37.37546709477628,14.456043778105212,8.647824171613607,39.5206649555049,4.667775477121933
283,2025-05-17,2,8.937940770052215,36.20906421041872,14.295324154568373,6.459726714777304,43.0358849202356,3.2363447125173996
284,2025-05-17,0,10.067434959534623,33.13595899609256,18.16001461612124,0.6191375246195152,48.08488886316668,3.3359411201496805
285,2025-05-18,2,4.548219214512732,34.219470007766795,14.065967254635005,5.01065005850791,46.703912679090294,1.5563765099976705
286,2025-05-18,2,6.557420099003717,33.831222047300294,13.23638430514423,1.5309339729490663,51.401459674606414,2.2184553542682464
287,2025-05-18,2,3.593293289927688,9.976150198676873,5.421612955473986,7.43745680167288,77.16478004417627,0.3584723356821638
288,2025-05-18,2,7.376699390738302,34.532927985593965,15.594628551897031,5.166945126506837,44.705498336002165,2.5473902883174064
289,2025-05-18,0,9.142969247989383,38.550282976816256,19.692694998917336,2.9213425975374223,38.83567942672898,3.524640517583196
290,2025-05-18,1,16.386118220411184,39.29131080373985,14.33127822516005,1.4710861104320665,44.906324860668036,6.438320638650003
291,2025-05-18,2,9.083793055241772,7.864518450307793,7.097680393012195,10.368747387756162,74.66905376892385,0.7143965808172672
292,2025-05-18,2,7.615058693085299,6.568853113098703,0.9015927776076218,8.592620379602677,83.93693372969099,0.500222020025027
293,2025-05-18,2,5.221000119806622,33.38309547214754,15.639288029464824,6.228372656093585,44.74924384229406,1.7429314545959818
294,2025-05-18,2,9.554406008284822,34.27794888331183,18.394131026009422,6.07840185898383,41.249518231694914,3.275054407623945
295,2025-05-18,0,10.824078544460543,35.45517425080521,14.474286829880327,4.795958743028463,45.274580176286,3.8376959089825053
296,2025-05-18,2,8.63773988095559,34.49731141572045,11.18367011827974,4.96275569834456,49.356262767655245,2.979788026013131
297,2025-05-18,2,7.518035511005069,12.442395463312563,1.5119368373666984,14.766957302546192,71.27871039677454,0.9354237093515221
298,2025-05-19,2,5.811726868932601,34.81609329631848,13.623534011016936,5.690764836714633,45.86960785594995,2.0234162488147827
299,2025-05-19,2,6.778014652485812,32.686769505919244,20.3100957098911,2.339540778556549,44.66359400563311,2.2155140265354705
300,2025-05-19,0,8.234582349028745,39.66721381847715,16.233400775431726,6.476430725952357,37.62295468013877,3.2664293874478108
301,2025-05-19,2,6.244391492737893,10.22785052122417,6.520568975332878,12.754127960963705,70.49745254247924,0.6386670278372704
302,2025-05-19,2,5.71926560737041,31.57383556473257,13.146997610843156,5.937197742703792,49.34196908172048,1.8057915183814368
303,2025-05-19,0,11.015029477668262,8.785243936114373,9.265636954166023,21.716777579171964,60.23234153054764,0.9676972092480618
304,2025-05-19,2,11.663351853486914,37.045742291477616,12.00598376662192,1.9559039577365038,48.992369984163965,4.32077527019104
305,2025-05-19,0,14.005031728574671,34.16497041438184,17.491720602273322,7.751995014192218,40.59131396915262,4.784814946592326
306,2025-05-19,2,8.26218122319481,30.864011945667766,13.951536407722987,4.300607229630382,50.88384441697887,2.550040599699565
307,2025-05-19,2,5.405952612441428,34.376857894291234,10.142957923085147,5.967777713590198,49.51240646903342,1.8583966474117144
308,2025-05-19,1,16.97547694667035,44.63866525901508,14.239658698672754,3.213182199592691,37.90849384271947,7.577626330345452
309,2025-05-19,2,9.61938347132662,34.04051303565084,14.377338665893152,1.2000141902834711,50.38213410817254,3.27448748450618
310,2025-05-19,0,9.197979573555667,38.672840379935955,19.881596258740633,5.521860115061212,35.92370324626219,3.557119958660297
311,2025-05-19,1,15.27429841335037,33.57160690657726,15.661091344517846,1.972730203810026,48.794571545094875,5.127827421067553
312,2025-05-19,0,10.685677482460084,34.50738645715523,12.43043436738132,5.018881592586019,48.043297582877436,3.687348024437717
313,2025-05-19,2,6.716198868386496,9.45365752430424,2.916378842481972,14.13926808719756,73.49069554601623,0.6349264396684563
314,2025-05-19,2,7.831254577841991,35.157569171749564,15.409534483979257,0.5336387636952544,48.89925758057592,2.753278745220602
315,2025-05-20,2,7.2580798579089025,7.87440519865507,3.5504722114556686,11.182735447970483,77.39238714191877,0.5715306176537152
316,2025-05-20,2,6.232493811033502,35.53055085912116,14.669323693422545,3.483195472723634,46.31692997473266,2.2144393833208373
317,2025-05-20,2,12.436945188565097,33.734885650989305,16.813742265731605,5.344793494091943,44.106578589187144,4.195589237838652
318,2025-05-20,1,18.129132252839405,41.96592724678042,14.294071286452569,4.805336165416621,38.93466530135039,7.608058451699188
319,2025-05-20,1,15.213532408886886,38.22352019324277,18.630249313736577,0.43539762904786716,42.71083286397278,5.815147632416411
320,2025-05-20,1,16.8255031802003,39.88879080829873,13.938706274018564,10.707469567517633,35.46503335016507,6.711489765993748
321,2025-05-20,2,7.022811203297059,34.48567797430518,12.60864806181315,5.799082547666674,47.106591416215,2.4218640563124505
322,2025-05-20,0,12.007637743828568,36.32256901841605,16.848050103614245,3.13436526350574,43.69501561446397,4.361482506983507
323,2025-05-20,1,17.60298722748596,11.291506766431523,4.37665806109598,9.406287013682922,74.92554815878958,1.9876424938856538
324,2025-05-20,2,5.911299700330025,33.248140103202424,11.598495891025806,3.4563036417024984,51.69706036406927,1.9653972062859117
325,2025-05-20,0,13.349295510462042,9.60222632500762,4.318552112184491,20.644957803296304,65.43426375951158,1.2818295677086469
326,2025-05-20,1,17.95957995143907,38.925332293192824,17.637982842806913,4.1051280168490925,39.33155684715117,6.990826174559297
327,2025-05-20,2,10.626027952406181,39.206770819112194,15.823135659020094,0.8731533489747436,44.096940172892964,4.166122426474692
328,2025-05-20,2,6.140733166415035,27.86637332897812,10.628041838176156,4.308286069706735,57.19729876313899,1.711199629289593
329,2025-05-21,0,9.877393105329988,40.55885052327015,17.367756314151283,4.4790032945096945,37.59438986806887,4.006157105186581
330,2025-05-21,0,10.779214714169926,39.340731810876626,17.778350399332655,4.616704259226179,38.26421353056453,4.240621952020142
331,2025-05-21,2,10.590108592736902,38.91626701265883,17.02296135995238,2.046575987705424,42.014195639683365,4.121274936880019
332,2025-05-21,2,6.023203981809861,8.817473614378894,1.6022488304007918,15.125908210082963,74.45436934513735,0.5310944218363034
333,2025-05-21,2,8.70469198213843,35.996828737780156,12.441200819524115,3.272976506796401,48.28899393589933,3.1334130649616516
334,2025-05-21,1,17.316640122209385,36.00359299057941,11.430983833793404,5.042170274579139,47.52325290104804,6.234612629243641
335,2025-05-21,2,5.054517118458264,7.807559500605561,3.1239116406480845,12.693276339613442,76.37525251913291,0.3946344314919227
336,2025-05-21,2,6.822746799728187,36.21490157449987,9.655443870710364,6.33762004286619,47.792034511923575,2.470851038198903
337,2025-05-21,2,5.105938100130787,35.43285544909656,16.75092489649288,5.060514087175035,42.75570556723552,1.8091796663396889
338,2025-05-21,2,3.952383506062925,34.47829585219597,12.679440547012218,3.2427031793628838,49.599560421428926,1.362714478433771
339,2025-05-21,2,7.905685946422087,7.029035634941447,3.129286687500969,14.498870205407059,75.34280747215053,0.5556934823605666
340,2025-05-21,2,6.7627944708592125,9.582984284093266,0.9869774680930266,13.901338112210446,75.52870013560326,0.6480775313079667
341,2025-05-21,2,5.400379097147718,37.01175446705782,17.906427778983605,7.059902139978521,38.021915613980056,1.9987750517266276
342,2025-05-21,1,17.51369062822383,42.92931082384412,14.592082656575336,1.6365107866096125,40.84209573297093,7.518506686516666
343,2025-05-21,2,7.264576652044965,9.021725074253046,2.92857689338412,14.114926700385029,73.9347713319778,0.655390133355873
344,2025-05-21,2,10.055404453484744,36.57211581582778,17.510534560498964,2.503982047610293,43.41336757606297,3.677474162478345
345,2025-05-22,1,15.225823898891104,44.671174998183794,14.133190103272362,0.826791126651135,40.368843771892706,6.801554438788936
346,2025-05-22,0,11.845598750425813,32.22346603695187,16.245278104549502,5.424461713867644,46.10679414463098,3.8170624902170567
347,2025-05-22,2,6.058429300683603,33.77192109889555,15.396555871140187,6.581499498010813,44.25002353195345,2.0460479632592357
348,2025-05-22,2,7.154598436396122,32.28790395551948,16.055633995811974,6.732809575406326,44.923652473262216,2.3100698715466788
349,2025-05-22,0,10.279025559482639,36.0285148709494,12.922369324295175,3.8396648555845356,47.209450949170886,3.7033802522868924
350,2025-05-22,1,12.971420564022331,41.93586310968894,11.057527560853334,2.7514193106864897,44.255190018771245,5.4396771711104455
351,2025-05-22,2,11.252455120920285,9.268084124160863,2.9085687312939132,11.275255945570853,76.54809119897436,1.042887006640339
352,2025-05-22,2,6.761343330466345,36.49021246713142,14.182656514416465,1.1489607485002782,48.178170269951835,2.4672285469193893
353,2025-05-22,0,11.750969963523,37.01858585239125,18.28040320688282,12.741056038501359,31.95995490222458,4.35004290443547
354,2025-05-22,2,3.7495924540183894,35.87023478216895,11.110768088246616,2.5421441536999048,50.476852975884526,1.3449876166308865
355,2025-05-22,0,11.518424245437691,32.78732765077172,20.05370553639547,5.782074242037327,41.37689257079548,3.776583497557586
356,2025-05-22,2,10.27224664937458,32.24175977136338,13.378250591202441,3.5984862438453664,50.781503393588814,3.3119530878132757
357,2025-05-22,2,5.479442546017582,34.849636655697395,21.876565763311135,3.6150268252577384,39.658770755733734,1.909565818044822
358,2025-05-22,1,16.738105697420615,43.41113519123066,15.087662684741863,2.881628269916992,38.61957385411048,7.2662016927583455
359,2025-05-22,0,7.49774100743984,38.68738676351673,18.754473780404226,3.8351690082231973,38.72297044785585,2.9006800620750464
360,2025-05-22,2,7.309811130040702,34.46118914402349,8.083909258917197,5.441046182266397,52.013855414792914,2.519047839594207
361,2025-05-22,0,12.637997701221604,37.035869931240626,16.137320587953212,0.5065093228658304,46.32030015794033,4.680592390537614
362,2025-05-22,0,6.477320512069464,36.55126749016613,21.586890347651046,5.845495196716376,36.01634696546645,2.367542746561908
363,2025-05-22,0,10.704236292108614,35.82003699031272,16.880548394574255,7.535129484858164,39.76428513025486,3.834261399363785
364,2025-05-22,1,16.673408911591945,39.98391031271857,14.364474280714902,4.611403343225782,41.040212063340746,6.666680865283749
365,2025-05-23,1,17.88682766041305,39.95446814958746,22.36769982542037,1.5820929008647198,36.09573912412745,7.1465868605513325
366,2025-05-23,1,15.41544793657587,39.546395361904686,15.466902239391246,6.603718776022562,38.38298362268151,6.096253987806872
367,2025-05-23,2,6.449601982496129,34.32356921733451,9.911958883105836,2.5541568297507045,53.21031506980895,2.2137336007046375
368,2025-05-23,1,16.500072420202414,44.72505258700097,12.254398967343358,1.4533696528384106,41.567178792817266,7.379666066828773
369,2025-05-23,0,10.92763479779331,9.169666868354605,6.925183347994731,14.925364299570438,68.97978548408022,1.002027707548042
370,2025-05-23,0,11.589651011015684,39.22201812862164,18.844762811231686,6.0960384702792325,35.837180589867444,4.545695020584553
371,2025-05-23,0,11.746178872064103,40.166024456361136,15.75666408972183,6.55082409529359,37.52648735862344,4.717973078441193
372,2025-05-24,2,7.036233286981819,34.51651946794109,20.371696365477234,3.586190895732123,41.525593270849555,2.4286628323108306
373,2025-05-24,2,8.212070400278462,39.72413985212657,13.759992690990966,2.6578326554667466,43.85803480141571,3.2621743305617064
374,2025-05-24,2,8.261207596962779,8.00710894198846,7.6048253495368066,11.488389616699035,72.8996760917757,0.6614838922126366
375,2025-05-24,2,10.161082960056394,5.428102298472929,0.8431414419332808,12.825891676275603,80.90286458331819,0.5515539777045623
376,2025-05-24,2,7.546922919541269,33.14369222636244,14.609391408921999,4.881758559201014,47.36515780551454,2.501328905013565
377,2025-05-24,2,7.575875625529669,9.11056625906705,1.8390486996706987,13.327597334939298,75.72278770632295,0.690205168568391
378,2025-05-24,2,10.21208291913232,9.182857100971011,6.340681235209251,10.32032155385451,74.15614010996524,0.9377609814965899
379,2025-05-24,1,13.715406099026595,35.796556317083386,15.788530046431866,4.258549092788339,44.15636454369641,4.909643068354745
380,2025-05-24,2,3.8605435499871077,8.635402275943038,1.4169021456786677,7.754937286063784,82.19275829231451,0.3333734655793589
381,2025-05-24,2,6.748875350358414,26.726373829910283,11.620764778877458,1.5223562950903242,60.13050509612193,1.8037296554514572
382,2025-05-24,2,7.0124525644024,36.9066989122334,13.903032641517001,2.967425767152593,46.222842679097006,2.5880647543071835
383,2025-05-24,2,9.304886975261491,6.744828375892887,6.737313001596754,8.338818754941645,78.17903986756872,0.6275986570521984
384,2025-05-24,1,14.585273353206702,9.601818036284323,1.6244527374890327,12.550626692095545,76.2231025341311,1.4004514074695722
385,2025-05-24,1,15.453774937252202,43.247885628503916,11.296227680926073,4.4501604256405365,41.00572626492948,6.6834309101492355
386,2025-05-24,1,12.28508312020299,38.82531904301241,15.183103420904933,0.31529692946871624,45.676280606613936,4.769722716118075
387,2025-05-25,2,6.944807513258757,38.089283341096966,15.68476991798161,4.520385104153723,41.7055616367677,2.6452274112189182
388,2025-05-25,0,12.037859459273209,9.115188215265533,4.8456124130655045,17.232541277560024,68.80665809410894,1.0972735468018988
389,2025-05-25,2,5.655856305216511,36.337252521528036,9.919927863354209,0.715019384972738,53.02780023014502,2.055182787881289
390,2025-05-25,0,8.701554447537946,36.82404638538705,13.371875682350943,4.9610097712955845,44.84306816096642,3.204264446011083
391,2025-05-25,1,19.67323089861471,40.1269725707567,18.66338770959183,6.675921000695734,34.53371871895574,7.894271966468757
392,2025-05-25,1,17.641611311004205,47.575499484102316,17.970330512535206,4.523823210577026,29.930346792785457,8.39308469825414
393,2025-05-25,2,6.14711961137989,36.06120842258192,14.670905341881014,6.974956331110731,42.29292990442633,2.21672561504511
394,2025-05-25,2,11.636304357454375,36.20338104671791,13.723771792190796,2.6224579123065657,47.45038924878473,4.212735606285047
395,2025-05-25,1,15.835555068896165,40.03761966973212,14.57514823689521,0.5038583158481544,44.88337377752451,6.340179311075633
396,2025-05-25,0,11.797238246697995,37.11903764264145,16.246836814173005,4.477441792462351,42.1566837507232,4.379021305583923
397,2025-05-25,2,7.499647572143579,37.251556477577324,15.221132412414924,2.9554708529287783,44.571840257078975,2.793735450956322
398,2025-05-25,0,10.976063981364682,37.28165312493776,16.715161857868765,0.5875301200024685,45.415654897191004,4.092058100303614
399,2025-05-25,0,9.725138484454304,34.4003835030376,20.625428059318903,4.362850750598285,40.61133768704521,3.3454849348537796
400,2025-05-25,0,12.427381193377538,34.12247250988482,19.84143477965588,2.1455193067561007,43.8905734037032,4.240529731408847
401,2025-05-25,1,14.655146950222704,36.70132227449174,15.743478728529636,6.601527866062049,40.953671130916575,5.378632712001583
402,2025-05-25,1,18.91705879339495,42.421536405537005,14.332975035931414,1.4900607557656396,41.755427802765944,8.024906982896878
403,2025-05-26,2,6.0381832813914,34.21338301034797,18.030892683098713,0.7034837496804149,47.0522405568729,2.065866772929237
404,2025-05-26,1,17.724425363340522,35.44014191602332,14.41371844229267,1.5482058555395803,48.59793378614443,6.281561502567513
405,2025-05-26,1,16.026302188009634,45.683392152610445,15.694243744587844,5.863447383928957,32.758916718872754,7.321358476110829
406,2025-05-26,1,15.373936893051784,10.384059403944411,6.652660809392629,11.807627960484616,71.15565182617834,1.5964387396994228
407,2025-05-26,2,6.807251157693987,30.525434325629277,14.870675579572975,3.846554823295516,50.757335271502235,2.0779429815225168
408,2025-05-26,2,6.118434224662356,7.855310186386319,4.437028374061873,15.003575341537509,72.7040860980143,0.4806219868972489
409,2025-05-26,0,12.526149583638523,37.41312345151163,18.051161113064808,0.8893995843930904,43.64631585103047,4.6864238074476905
410,2025-05-26,0,11.712597630903877,10.97949343874172,0.6544156859936585,24.108376429039392,64.25771444622524,1.2859838883913093
411,2025-05-26,0,11.067290745010412,36.60568357330111,17.896764212071268,6.642681674716717,38.854870539910905,4.051257430255751
412,2025-05-26,0,12.06649504829537,32.977200769786585,21.146872155950785,4.52874490413752,41.347182170125116,3.979192297952721
413,2025-05-26,0,9.113046257512236,36.04277862308645,17.857191659504863,8.864564224626859,37.23546549278183,3.2845950884145996
414,2025-05-26,0,8.085216192669938,36.1434773204788,14.575521718762593,5.804457972931678,43.476542987826925,2.922278280909339
415,2025-05-26,1,17.64994660830928,42.63273035601355,8.180027440674698,3.5884429281636576,45.59879927514809,7.524654145500855
416,2025-05-26,1,16.62742445917038,38.366089079569136,15.446818373671373,4.245332652788975,41.94175989397051,6.379292479643375
417,2025-05-26,0,9.851556682964063,37.99101300640084,15.222809970396185,11.168603483309482,35.6175735398935,3.742706180757828
418,2025-05-27,1,15.786749597848257,37.55700001034379,14.330070844386162,3.5792154259570883,44.533713719312956,5.929029548096818
419,2025-05-27,0,11.017886995683792,40.77153955670227,21.47445282300462,5.620938581016806,32.13306903927631,4.492162154757973
420,2025-05-27,2,1.8621276722318552,9.080830954223945,0.5037437994310818,11.509705980071603,78.90571926627337,0.16909666606720009
421,2025-05-27,2,7.511253436562333,11.280566072224762,2.9276819137101313,10.534180134540566,75.25757187952453,0.847311906763667
422,2025-05-27,1,17.335739943494186,41.581879401873664,14.373154454707777,1.1905095405180426,42.85445660290052,7.2085264767261945
423,2025-05-27,2,3.7909257635430786,38.13002381651099,12.851629091695667,2.7352911080999895,46.28305598369336,1.445480896505227
424,2025-05-27,1,16.748448012446858,38.03820724725206,12.158445845349036,0.24547776029134116,49.55786914710756,6.370809365672804
425,2025-05-27,1,14.355694418396432,37.36705875352841,15.961246383029932,1.6892977702737202,44.98239709316794,5.364300767799193
426,2025-05-27,2,8.13698867799307,8.018182031931682,3.675910292027394,13.615744585328075,74.69016309071284,0.6524385641191556
427,2025-05-27,2,6.8541963236208465,34.029790362584535,15.504800230607193,0.2941398736181453,50.17126953319013,2.33246863996815
428,2025-05-27,0,12.15250453483804,35.91212364474618,12.707963980793293,5.279485628619751,46.10042674584077,4.364222454484423
429,2025-05-27,0,13.139211449232844,36.00211969648055,15.440483524729158,2.888119373549918,45.66927740524037,4.730394633126485
430,2025-05-27,0,12.032059121679081,38.789099645492406,17.306430268121044,2.6042197227312585,41.300250363655294,4.667127402112658
431,2025-05-27,0,9.934068620417108,35.63818396647291,17.909550449266792,4.02094547500328,42.43132010925702,3.540321650299906
432,2025-05-27,2,7.905292814586226,33.08896113306127,13.550211403247506,6.538636839213806,46.822190624477415,2.6157792668731217
433,2025-05-27,0,9.553886747632397,33.59490579564313,21.514541934248278,5.527639882208116,39.36291238790048,3.209619252689537
434,2025-05-27,1,12.578671589092963,37.64026359922617,11.925736097182657,2.941373110723344,47.49262719286783,4.734645143415562
435,2025-05-28,1,15.43585373265997,40.78100480662161,15.689988524519741,3.5742025615560733,39.95480410730258,6.294896252659144
436,2025-05-28,1,17.61635543738655,41.907041188137434,17.248768378617235,1.8724970409793116,38.97169339226602,7.382493328994269
437,2025-05-28,2,6.87609034987778,8.28340682046319,5.296544409446292,12.070991811632684,74.34905695845784,0.5695745370229872
438,2025-05-28,1,14.929805354958402,41.79486071563596,12.879647606032975,2.401608164425258,42.92388351390581,6.239891353220424
439,2025-05-28,0,10.615786677381092,35.36475363811239,14.468271290963978,0.8923872718536217,49.27458779907001,3.7542468052033797
440,2025-05-28,1,17.1577063591304,39.20682482004779,18.050585364782663,1.015676712274563,41.72691310289498,6.726991875362456
441,2025-05-28,0,10.001922379530201,10.594820113769092,6.131765286259494,21.65020254653744,61.623212053433974,1.059685684030038
442,2025-05-28,0,11.919351534502923,34.76870397484228,16.368086999935954,8.198773001090027,40.66443602413174,4.144204050752142
443,2025-05-28,2,7.1399885722343255,11.165221393615134,3.404332378440749,13.374795250478767,72.05565097746535,0.7971955315687826
444,2025-05-28,1,16.594123590600244,41.41483828761725,15.791169286606562,0.2620699417034107,42.53192248407278,6.872429450294436
445,2025-05-28,1,17.874220985202253,39.29581969027332,15.388507676947476,5.300490729584515,40.01518190319469,7.023821649386073
446,2025-05-28,2,10.490644288502077,34.356693220367305,17.27371555703533,0.6768811160756516,47.692710106521716,3.604238475040643
447,2025-05-28,2,7.109931871562078,7.631038493286764,3.536377657825676,7.068631666800558,81.763952182087,0.5425616379653662
448,2025-05-28,1,14.039354288133458,36.99235039555884,6.034708082904157,2.432471667866507,54.5404698536705,5.193487131540244
449,2025-05-28,2,8.788292262840502,9.626965979537538,5.196920806748475,9.1708525195587,76.00526069415528,0.8460459063259848
450,2025-05-28,0,10.589561857270615,36.981535131040076,18.577174851207122,4.6804977326064146,39.760792285146394,3.9161825384697524
451,2025-05-28,0,12.211141430915776,37.94360204997242,15.45510777367839,5.382328024481143,41.21896215186805,4.633346910305989
452,2025-05-28,1,14.091074270195536,40.09251050180893,13.8569136847176,0.03680184841701406,46.01377396505646,5.649465431595842
453,2025-05-29,2,2.0482264296185466,37.48690760978695,11.167267430596885,3.830572483477678,47.515252476138485,0.7678167493103425
454,2025-05-29,2,9.485854713974591,31.14534826203951,13.51112013052945,4.18773965724366,51.15579195018738,2.9544024862984783
455,2025-05-29,1,18.093469222367673,38.212951097363245,14.150980765426521,5.358025584198556,42.27804255301167,6.914048545759829
456,2025-05-29,0,13.409757335475463,36.59621050482268,18.368228661191978,2.3304039739229205,42.705156860062424,4.9074630226765015
457,2025-05-29,0,7.875164536581282,37.954662128965374,18.25207791695105,3.3873795150618333,40.40588043902175,2.988992091959527
458,2025-05-29,2,2.0557393169931766,33.74741137219431,16.826487628329136,6.1885222305998955,43.237578768876666,0.6937588040456248
459,2025-05-29,2,4.7143331399996535,34.37775938469387,19.776014462972938,3.592870390542199,42.253355761791,1.6206821034619638
460,2025-05-29,2,6.944238508201813,37.61058738690591,13.89314701083602,6.72831761900321,41.76794798325486,2.6117688924824147
461,2025-05-29,2,9.751594551991039,9.92970444450443,6.828581022883911,8.452553810115424,74.78916072249623,0.9683045176391061
462,2025-05-29,1,13.17558573152015,41.47156751324409,12.262530088778542,2.022983393628076,44.2429190043493,5.464121931912733
